Barcode,ADT_identifier,Antigen,Clone
AAGGCAGACGGTGCA,1,Rat_IgG_Control,G8.8
GGCTGCGCACCGCCT,2,CD44 (v4),IM7
CGTCCTAGGACATAT,5,pP120-Catenin [T310],22/p120 (pT310)
CTCCAGCTCGAGCTC,6,pRB [S807/811] (v1),J112-906
AGCGAACCGCCGCTG,8,me2 Histone H3 [K4],C64G9
GTGCAAGAGTTGGCG,9,cCaspase 3 [D175] (v2),D3E9
TGGTGACAAGTATCT,11,Mouse_IgG_Control,MOPC21
GCCAAGATCAGGTCC,14,pPDPK1 [S241],J66-653.44.22
TTAGGTGTACACGTT,15,pMKK4/SEK1 [S257],C36C11
GCATTGCGTCAGGCT,16,pBTK [Y551] (1) (v2),24a/BTK
CTGGTCGAACTTCGT,17,p4E-BP1 [T37/46] (v2),236B4
AGAGCTAGGATCGGA,18,pAKT [T308],J1-223.371
ATAATCATTACGTGG,19,pNF-κB p65 [S529],K10-895.12.50
CGTCGCAATCCATTG,21,pP38 MAPK [T180/Y182] (v2),D8E9
CAAGCGCGGCTTCCG,23,pHistone H2A.X [S139] (3),D7T2V
AGACAGTGATGTCCG,27,pS6 [S240/S244] (2),D68F8
CGTACATGTACCACA,29,Pan-CK,AE1/AE3
GGACGAGTTCAACGT,30,CK18,C-04
GCGGCTCTGTTGATG,31,Vimentin,RV202
TTGTCACGGTAATAA,32,Cyclin B1 (2),GNS-11
ATCGAACCGACAGAG,33,pNDRG1 [T346],D98G11
GGTCGACTAGGTCGG,34,pHistone H3 [Ser28] (v3),HTA28
CTCAAGCATTATCAT,35,Rabbit_IgG_Control,Polyclonal